{
    "accuracy": 0.8840725806451613,
    "macro_f1": 0.8835022629609279,
    "weighted_f1": 0.8835022629609279,
    "loss": 0.506767988204956
}